dataset_source,external_animal_id,series,center,breed,sex,age_days,body_length_cm,withers_height_cm,thoracic_depth_cm,rump_width_cm,chest_girth_cm,chest_width_cm,real_weight_kg,qc_flag,validated_subset,notes
FECL/LIMUSINEX-ES,ES011009628233,44,Badajoz,Limousine,male,,201.0,,,67.0,212.0,67.0,742.0,ok,SI,"young bulls, station performance test; tape morphometry"
FECL/LIMUSINEX-ES,ES021009332495,44,Badajoz,Limousine,male,,176.0,,,61.0,198.0,58.0,568.0,ok,SI,"young bulls, station performance test; tape morphometry"
FECL/LIMUSINEX-ES,ES041009671860,44,Badajoz,Limousine,male,,193.0,,,64.0,215.0,66.0,692.0,ok,SI,"young bulls, station performance test; tape morphometry"
FECL/LIMUSINEX-ES,ES061008557474,44,Badajoz,Limousine,male,,196.0,,,60.0,206.0,58.0,666.0,ok,SI,"young bulls, station performance test; tape morphometry"
FECL/LIMUSINEX-ES,ES021009628234,44,Badajoz,Limousine,male,,196.0,,,65.0,208.0,62.0,702.0,ok,SI,"young bulls, station performance test; tape morphometry"
FECL/LIMUSINEX-ES,ES071009689383,44,Badajoz,Limousine,male,,190.0,,,61.0,208.0,63.0,652.0,ok,SI,"young bulls, station performance test; tape morphometry"
FECL/LIMUSINEX-ES,ES061008557485,44,Badajoz,Limousine,male,,185.0,,,63.0,206.0,62.0,646.0,ok,SI,"young bulls, station performance test; tape morphometry"
FECL/LIMUSINEX-ES,ES031009736921,44,Badajoz,Limousine,male,,187.0,,,64.0,207.0,62.0,658.0,ok,SI,"young bulls, station performance test; tape morphometry"
FECL/LIMUSINEX-ES,ES041009736922,44,Badajoz,Limousine,male,,190.0,,,65.0,209.0,61.0,646.0,ok,SI,"young bulls, station performance test; tape morphometry"
FECL/LIMUSINEX-ES,ES010107191492,44,Badajoz,Limousine,male,,182.0,,,62.0,211.0,64.0,670.0,ok,SI,"young bulls, station performance test; tape morphometry"
FECL/LIMUSINEX-ES,ES001009715450,44,Badajoz,Limousine,male,,182.0,,,64.0,208.0,60.0,630.0,ok,SI,"young bulls, station performance test; tape morphometry"
FECL/LIMUSINEX-ES,ES041009671871,44,Badajoz,Limousine,male,,190.0,,,63.0,206.0,58.0,640.0,ok,SI,"young bulls, station performance test; tape morphometry"
FECL/LIMUSINEX-ES,ES091009715459,44,Badajoz,Limousine,male,,178.0,,,59.0,198.0,57.0,610.0,ok,SI,"young bulls, station performance test; tape morphometry"
FECL/LIMUSINEX-ES,ES071009242671,44,Badajoz,Limousine,male,,188.0,,,63.0,207.0,63.0,656.0,ok,SI,"young bulls, station performance test; tape morphometry"
FECL/LIMUSINEX-ES,ES001009553927,44,Badajoz,Limousine,male,,187.0,,,60.0,202.0,58.0,598.0,ok,SI,"young bulls, station performance test; tape morphometry"
FECL/LIMUSINEX-ES,ES021009703703,44,Badajoz,Limousine,male,,194.0,,,66.0,208.0,63.0,696.0,ok,SI,"young bulls, station performance test; tape morphometry"
FECL/LIMUSINEX-ES,ES060107191384,44,Badajoz,Limousine,male,,186.0,,,58.0,209.0,58.0,610.0,ok,SI,"young bulls, station performance test; tape morphometry"
FECL/LIMUSINEX-ES,ES021009536759,44,Badajoz,Limousine,male,,178.0,,,60.0,212.0,59.0,636.0,ok,SI,"young bulls, station performance test; tape morphometry"
FECL/LIMUSINEX-ES,ES081009384419,44,Badajoz,Limousine,male,,197.0,,,60.0,207.0,60.0,680.0,ok,SI,"young bulls, station performance test; tape morphometry"
FECL/LIMUSINEX-ES,ES051009059061,44,Badajoz,Limousine,male,,190.0,,,66.0,213.0,65.0,724.0,ok,SI,"young bulls, station performance test; tape morphometry"
FECL/LIMUSINEX-ES,ES031009703704,44,Badajoz,Limousine,male,,200.0,,,67.0,207.0,63.0,668.0,ok,SI,"young bulls, station performance test; tape morphometry"
FECL/LIMUSINEX-ES,ES051009118670,44,Badajoz,Limousine,male,,185.0,,,62.0,208.0,62.0,646.0,ok,SI,"young bulls, station performance test; tape morphometry"
FECL/LIMUSINEX-ES,ES041009703705,44,Badajoz,Limousine,male,,196.0,,,65.0,210.0,65.0,666.0,ok,SI,"young bulls, station performance test; tape morphometry"
FECL/LIMUSINEX-ES,ES031009684000,44,Badajoz,Limousine,male,,185.0,,,63.0,206.0,61.0,650.0,ok,SI,"young bulls, station performance test; tape morphometry"
FECL/LIMUSINEX-ES,ES021009496112,44,Badajoz,Limousine,male,,185.0,,,61.0,205.0,58.0,614.0,ok,SI,"young bulls, station performance test; tape morphometry"
FECL/LIMUSINEX-ES,ES071009059063,44,Badajoz,Limousine,male,,182.0,,,62.0,204.0,61.0,640.0,ok,SI,"young bulls, station performance test; tape morphometry"
FECL/LIMUSINEX-ES,ES031009118678,44,Badajoz,Limousine,male,,187.0,,,62.0,208.0,57.0,616.0,ok,SI,"young bulls, station performance test; tape morphometry"
FECL/LIMUSINEX-ES,ES011009496100,44,Badajoz,Limousine,male,,179.0,,,61.0,199.0,61.0,602.0,ok,SI,"young bulls, station performance test; tape morphometry"
FECL/LIMUSINEX-ES,ES091009384421,44,Badajoz,Limousine,male,,185.0,,,62.0,209.0,58.0,612.0,ok,SI,"young bulls, station performance test; tape morphometry"
FECL/LIMUSINEX-ES,ES001009414258,44,Badajoz,Limousine,male,,189.0,,,62.0,205.0,62.0,636.0,ok,SI,"young bulls, station performance test; tape morphometry"
FECL/LIMUSINEX-ES,ES011009099096,44,Badajoz,Limousine,male,,188.0,,,62.0,201.0,61.0,634.0,ok,SI,"young bulls, station performance test; tape morphometry"
FECL/LIMUSINEX-ES,ES021009099097,44,Badajoz,Limousine,male,,189.0,,,61.0,206.0,62.0,624.0,ok,SI,"young bulls, station performance test; tape morphometry"
FECL/LIMUSINEX-ES,ES031009099098,44,Badajoz,Limousine,male,,188.0,,,64.0,204.0,60.0,618.0,ok,SI,"young bulls, station performance test; tape morphometry"
FECL/LIMUSINEX-ES,ES091009118696,44,Badajoz,Limousine,male,,185.0,,,64.0,205.0,62.0,632.0,ok,SI,"young bulls, station performance test; tape morphometry"
FECL/LIMUSINEX-ES,ES031009713322,44,Badajoz,Limousine,male,,179.0,,,63.0,205.0,64.0,630.0,ok,SI,"young bulls, station performance test; tape morphometry"
FECL/LIMUSINEX-ES,ES071009714169,44,Badajoz,Limousine,male,,176.0,,,58.0,199.0,58.0,590.0,ok,SI,"young bulls, station performance test; tape morphometry"
FECL/LIMUSINEX-ES,ES081009412089,44,Badajoz,Limousine,male,,177.0,,,59.0,187.0,56.0,584.0,ok,SI,"young bulls, station performance test; tape morphometry"
FECL/LIMUSINEX-ES,ES071009510781,44,Badajoz,Limousine,male,,180.0,,,63.0,199.0,60.0,594.0,ok,SI,"young bulls, station performance test; tape morphometry"
FECL/LIMUSINEX-ES,ES091009738569,44,Badajoz,Limousine,male,,186.0,,,62.0,202.0,62.0,658.0,ok,SI,"young bulls, station performance test; tape morphometry"
FECL/LIMUSINEX-ES,ES081009484696,45,Badajoz,Limousine,male,,166.0,132.0,,60.0,183.0,62.0,630.0,series_suspect_girth_scale,NO,"young bulls, station performance test; tape morphometry"
FECL/LIMUSINEX-ES,ES061009671931,45,Badajoz,Limousine,male,,169.0,138.0,,64.0,184.0,60.0,664.0,series_suspect_girth_scale,NO,"young bulls, station performance test; tape morphometry"
FECL/LIMUSINEX-ES,ES091009484697,45,Badajoz,Limousine,male,,164.0,138.0,,64.0,190.0,61.0,704.0,series_suspect_girth_scale,NO,"young bulls, station performance test; tape morphometry"
FECL/LIMUSINEX-ES,ES041010062602,45,Badajoz,Limousine,male,,173.0,130.0,,64.0,185.0,63.0,640.0,series_suspect_girth_scale,NO,"young bulls, station performance test; tape morphometry"
FECL/LIMUSINEX-ES,ES061010062604,45,Badajoz,Limousine,male,,168.0,133.0,,64.0,177.0,63.0,626.0,series_suspect_girth_scale,NO,"young bulls, station performance test; tape morphometry"
FECL/LIMUSINEX-ES,ES041009187572,45,Badajoz,Limousine,male,,163.0,137.0,,60.0,181.0,62.0,640.0,series_suspect_girth_scale,NO,"young bulls, station performance test; tape morphometry"
FECL/LIMUSINEX-ES,ES001009732415,45,Badajoz,Limousine,male,,162.0,130.0,,63.0,173.0,63.0,576.0,series_suspect_girth_scale,NO,"young bulls, station performance test; tape morphometry"
FECL/LIMUSINEX-ES,ES041010097632,45,Badajoz,Limousine,male,,172.0,131.0,,66.0,171.0,65.0,624.0,series_suspect_girth_scale,NO,"young bulls, station performance test; tape morphometry"
FECL/LIMUSINEX-ES,ES061009162220,45,Badajoz,Limousine,male,,164.0,132.0,,62.0,184.0,61.0,624.0,series_suspect_girth_scale,NO,"young bulls, station performance test; tape morphometry"
FECL/LIMUSINEX-ES,ES001009749738,45,Badajoz,Limousine,male,,174.0,130.0,,64.0,175.0,63.0,660.0,series_suspect_girth_scale,NO,"young bulls, station performance test; tape morphometry"
FECL/LIMUSINEX-ES,ES011009818886,45,Badajoz,Limousine,male,,175.0,133.0,,59.0,176.0,57.0,604.0,series_suspect_girth_scale,NO,"young bulls, station performance test; tape morphometry"
FECL/LIMUSINEX-ES,ES001009155036,45,Badajoz,Limousine,male,,158.0,128.0,,62.0,175.0,58.0,574.0,series_suspect_girth_scale,NO,"young bulls, station performance test; tape morphometry"
FECL/LIMUSINEX-ES,ES071009818893,45,Badajoz,Limousine,male,,163.0,130.0,,62.0,177.0,61.0,584.0,series_suspect_girth_scale,NO,"young bulls, station performance test; tape morphometry"
FECL/LIMUSINEX-ES,ES021010245747,46,Badajoz,Limousine,male,,209.0,143.0,,65.0,215.0,70.0,780.0,ok,SI,"young bulls, station performance test; tape morphometry"
FECL/LIMUSINEX-ES,ES091010123096,46,Badajoz,Limousine,male,,187.0,135.0,,63.0,215.0,67.0,712.0,ok,SI,"young bulls, station performance test; tape morphometry"
FECL/LIMUSINEX-ES,ES091010077491,46,Badajoz,Limousine,male,,194.0,137.0,,68.0,216.0,66.0,680.0,ok,SI,"young bulls, station performance test; tape morphometry"
FECL/LIMUSINEX-ES,ES071010293155,46,Badajoz,Limousine,male,,195.0,138.0,,68.0,213.0,70.0,716.0,ok,SI,"young bulls, station performance test; tape morphometry"
FECL/LIMUSINEX-ES,ES081010293156,46,Badajoz,Limousine,male,,190.0,135.0,,64.0,206.0,62.0,668.0,ok,SI,"young bulls, station performance test; tape morphometry"
FECL/LIMUSINEX-ES,ES091010217306,46,Badajoz,Limousine,male,,191.0,135.0,,67.0,216.0,64.0,692.0,ok,SI,"young bulls, station performance test; tape morphometry"
FECL/LIMUSINEX-ES,ES081010072315,46,Badajoz,Limousine,male,,200.0,139.0,,74.0,221.0,72.0,824.0,ok,SI,"young bulls, station performance test; tape morphometry"
FECL/LIMUSINEX-ES,ES001010072317,46,Badajoz,Limousine,male,,194.0,131.0,,62.0,207.0,63.0,664.0,ok,SI,"young bulls, station performance test; tape morphometry"
FECL/LIMUSINEX-ES,ES020905212220,46,Badajoz,Limousine,male,,192.0,140.0,,69.0,215.0,67.0,700.0,ok,SI,"young bulls, station performance test; tape morphometry"
FECL/LIMUSINEX-ES,ES091010307169,46,Badajoz,Limousine,male,,188.0,135.0,,66.0,203.0,60.0,624.0,ok,SI,"young bulls, station performance test; tape morphometry"
FECL/LIMUSINEX-ES,ES020905212242,46,Badajoz,Limousine,male,,193.0,139.0,,68.0,207.0,65.0,696.0,ok,SI,"young bulls, station performance test; tape morphometry"
FECL/LIMUSINEX-ES,ES050905212245,46,Badajoz,Limousine,male,,192.0,137.0,,72.0,218.0,69.0,756.0,ok,SI,"young bulls, station performance test; tape morphometry"
FECL/LIMUSINEX-ES,ES031010469793,46,Badajoz,Limousine,male,,186.0,140.0,,68.0,213.0,64.0,722.0,ok,SI,"young bulls, station performance test; tape morphometry"
FECL/LIMUSINEX-ES,ES061010293063,46,Badajoz,Limousine,male,,187.0,136.0,,65.0,210.0,63.0,676.0,ok,SI,"young bulls, station performance test; tape morphometry"
FECL/LIMUSINEX-ES,ES041010469794,46,Badajoz,Limousine,male,,203.0,135.0,,66.0,212.0,64.0,670.0,ok,SI,"young bulls, station performance test; tape morphometry"
FECL/LIMUSINEX-ES,ES031010307174,46,Badajoz,Limousine,male,,178.0,128.0,,62.0,199.0,61.0,566.0,ok,SI,"young bulls, station performance test; tape morphometry"
FECL/LIMUSINEX-ES,ES071010102979,47,Badajoz,Limousine,male,,190.0,134.0,,62.0,207.0,65.0,674.0,ok,SI,"young bulls, station performance test; tape morphometry"
FECL/LIMUSINEX-ES,ES051010060129,47,Badajoz,Limousine,male,,183.0,134.0,,66.0,214.0,67.0,714.0,ok,SI,"young bulls, station performance test; tape morphometry"
FECL/LIMUSINEX-ES,ES011010321978,47,Badajoz,Limousine,male,,173.0,131.0,,62.0,200.0,62.0,612.0,ok,SI,"young bulls, station performance test; tape morphometry"
FECL/LIMUSINEX-ES,ES031010123125,47,Badajoz,Limousine,male,,188.0,138.0,,62.0,206.0,63.0,698.0,ok,SI,"young bulls, station performance test; tape morphometry"
FECL/LIMUSINEX-ES,ES051010245784,47,Badajoz,Limousine,male,,177.0,135.0,,64.0,200.0,62.0,640.0,ok,SI,"young bulls, station performance test; tape morphometry"
FECL/LIMUSINEX-ES,ES061010245785,47,Badajoz,Limousine,male,,192.0,136.0,,61.0,199.0,61.0,638.0,ok,SI,"young bulls, station performance test; tape morphometry"
FECL/LIMUSINEX-ES,ES081010533657,47,Badajoz,Limousine,male,,175.0,130.0,,58.0,200.0,57.0,582.0,ok,SI,"young bulls, station performance test; tape morphometry"
FECL/LIMUSINEX-ES,ES021010123135,47,Badajoz,Limousine,male,,175.0,132.0,,64.0,201.0,64.0,636.0,ok,SI,"young bulls, station performance test; tape morphometry"
FECL/LIMUSINEX-ES,ES001010123133,47,Badajoz,Limousine,male,,181.0,137.0,,63.0,204.0,64.0,671.0,ok,SI,"young bulls, station performance test; tape morphometry"
FECL/LIMUSINEX-ES,ES091010433233,47,Badajoz,Limousine,male,,165.0,127.0,,60.0,199.0,57.0,576.0,ok,SI,"young bulls, station performance test; tape morphometry"
FECL/LIMUSINEX-ES,ES001010533671,47,Badajoz,Limousine,male,,186.0,133.0,,65.0,198.0,61.0,602.0,ok,SI,"young bulls, station performance test; tape morphometry"
FECL/LIMUSINEX-ES,ES041010422275,47,Badajoz,Limousine,male,,174.0,140.0,,58.0,202.0,59.0,640.0,ok,SI,"young bulls, station performance test; tape morphometry"
FECL/LIMUSINEX-ES,ES071010316566,47,Badajoz,Limousine,male,,162.0,126.0,,56.0,190.0,59.0,500.0,ok,SI,"young bulls, station performance test; tape morphometry"
FECL/LIMUSINEX-ES,ES051010217324,47,Badajoz,Limousine,male,,165.0,127.0,,62.0,191.0,61.0,544.0,ok,SI,"young bulls, station performance test; tape morphometry"
FECL/LIMUSINEX-ES,ES071009601661,47,Badajoz,Limousine,male,,185.0,139.0,,65.0,203.0,65.0,628.0,ok,SI,"young bulls, station performance test; tape morphometry"
FECL/LIMUSINEX-ES,ES081010126798,48,Badajoz,Limousine,male,490.0,,142.0,,,227.0,,860.0,ok,SI,"young bulls, station performance test; tape morphometry"
FECL/LIMUSINEX-ES,ES021010547646,48,Badajoz,Limousine,male,476.0,,138.0,,,209.0,,750.0,ok,SI,"young bulls, station performance test; tape morphometry"
FECL/LIMUSINEX-ES,ES011010165067,48,Badajoz,Limousine,male,482.0,,134.0,,,210.0,,656.0,ok,SI,"young bulls, station performance test; tape morphometry"
FECL/LIMUSINEX-ES,ES061010469821,48,Badajoz,Limousine,male,480.0,,137.0,,,218.0,,768.0,ok,SI,"young bulls, station performance test; tape morphometry"
FECL/LIMUSINEX-ES,ES071010627728,48,Badajoz,Limousine,male,440.0,,139.0,,,216.0,,724.0,ok,SI,"young bulls, station performance test; tape morphometry"
FECL/LIMUSINEX-ES,ES091010547643,48,Badajoz,Limousine,male,453.0,,137.0,,,217.0,,722.0,ok,SI,"young bulls, station performance test; tape morphometry"
FECL/LIMUSINEX-ES,ES071010166782,48,Badajoz,Limousine,male,470.0,,141.0,,,212.0,,718.0,ok,SI,"young bulls, station performance test; tape morphometry"
FECL/LIMUSINEX-ES,ES061010547628,48,Badajoz,Limousine,male,490.0,,141.0,,,211.0,,738.0,ok,SI,"young bulls, station performance test; tape morphometry"
FECL/LIMUSINEX-ES,ES001010651645,48,Badajoz,Limousine,male,488.0,,143.0,,,216.0,,724.0,ok,SI,"young bulls, station performance test; tape morphometry"
FECL/LIMUSINEX-ES,ES071010547630,48,Badajoz,Limousine,male,490.0,,141.0,,,218.0,,780.0,ok,SI,"young bulls, station performance test; tape morphometry"
FECL/LIMUSINEX-ES,ES091010695915,48,Badajoz,Limousine,male,431.0,,138.0,,,204.0,,658.0,ok,SI,"young bulls, station performance test; tape morphometry"
FECL/LIMUSINEX-ES,ES031010627735,48,Badajoz,Limousine,male,472.0,,134.0,,,211.0,,718.0,ok,SI,"young bulls, station performance test; tape morphometry"
FECL/LIMUSINEX-ES,ES071010568277,48,Badajoz,Limousine,male,465.0,,141.0,,,210.0,,678.0,ok,SI,"young bulls, station performance test; tape morphometry"
FECL/LIMUSINEX-ES,ES011010651646,48,Badajoz,Limousine,male,487.0,,141.0,,,218.0,,688.0,ok,SI,"young bulls, station performance test; tape morphometry"
FECL/LIMUSINEX-ES,ES031010775949,48,Badajoz,Limousine,male,472.0,,138.0,,,209.0,,720.0,ok,SI,"young bulls, station performance test; tape morphometry"
FECL/LIMUSINEX-ES,ES081010547620,48,Badajoz,Limousine,male,484.0,,134.0,,,210.0,,740.0,ok,SI,"young bulls, station performance test; tape morphometry"
FECL/LIMUSINEX-ES,ES031010192562,48,Badajoz,Limousine,male,440.0,,133.0,,,208.0,,692.0,ok,SI,"young bulls, station performance test; tape morphometry"
FECL/LIMUSINEX-ES,ES001010015970,48,Badajoz,Limousine,male,472.0,,143.0,,,205.0,,690.0,ok,SI,"young bulls, station performance test; tape morphometry"
FECL/LIMUSINEX-ES,ES061010380521,48,Badajoz,Limousine,male,478.0,,135.0,,,201.0,,606.0,ok,SI,"young bulls, station performance test; tape morphometry"
FECL/LIMUSINEX-ES,ES021010518147,48,Badajoz,Limousine,male,413.0,,138.0,,,200.0,,634.0,ok,SI,"young bulls, station performance test; tape morphometry"
FECL/LIMUSINEX-ES,ES071010568288,48,Badajoz,Limousine,male,412.0,,135.0,,,196.0,,592.0,ok,SI,"young bulls, station performance test; tape morphometry"
FECL/LIMUSINEX-ES,ES021010126805,48,Badajoz,Limousine,male,429.0,,135.0,,,204.0,,648.0,ok,SI,"young bulls, station performance test; tape morphometry"
FECL/LIMUSINEX-ES,ES021010783355,48,Badajoz,Limousine,male,426.0,,130.0,,,200.0,,584.0,ok,SI,"young bulls, station performance test; tape morphometry"
FECL/LIMUSINEX-ES,ES011010165330,48,Badajoz,Limousine,male,476.0,,133.0,,,197.0,,605.0,ok,SI,"young bulls, station performance test; tape morphometry"
FECL/LIMUSINEX-ES,ES001010166774,48,Badajoz,Limousine,male,485.0,,136.0,,,207.0,,642.0,ok,SI,"young bulls, station performance test; tape morphometry"
FECL/LIMUSINEX-ES,ES041010589344,48,Badajoz,Limousine,male,421.0,,134.0,,,195.0,,572.0,ok,SI,"young bulls, station performance test; tape morphometry"
FECL/LIMUSINEX-ES,ES011010783343,48,Badajoz,Limousine,male,470.0,,134.0,,,199.0,,604.0,ok,SI,"young bulls, station performance test; tape morphometry"
FECL/LIMUSINEX-ES,ES091010547632,48,Badajoz,Limousine,male,489.0,,137.0,,,201.0,,628.0,ok,SI,"young bulls, station performance test; tape morphometry"
FECL/LIMUSINEX-ES,ES051010695911,48,Badajoz,Limousine,male,476.0,,138.0,,,209.0,,668.0,ok,SI,"young bulls, station performance test; tape morphometry"
FECL/LIMUSINEX-ES,ES081010695914,48,Badajoz,Limousine,male,473.0,,134.0,,,205.0,,618.0,ok,SI,"young bulls, station performance test; tape morphometry"
FECL/LIMUSINEX-ES,ES081010518143,48,Badajoz,Limousine,male,414.0,,136.0,,,212.0,,658.0,ok,SI,"young bulls, station performance test; tape morphometry"
FECL/LIMUSINEX-ES,ES031010166788,48,Badajoz,Limousine,male,432.0,,136.0,,,209.0,,664.0,ok,SI,"young bulls, station performance test; tape morphometry"
FECL/LIMUSINEX-ES,ES011010775958,48,Badajoz,Limousine,male,437.0,,133.0,,,210.0,,634.0,ok,SI,"young bulls, station performance test; tape morphometry"
FECL/LIMUSINEX-ES,ES041010695910,48,Badajoz,Limousine,male,477.0,,134.0,,,204.0,,586.0,ok,SI,"young bulls, station performance test; tape morphometry"
FECL/LIMUSINEX-ES,ES071010518142,48,Badajoz,Limousine,male,415.0,,141.0,,,207.0,,680.0,ok,SI,"young bulls, station performance test; tape morphometry"
FECL/LIMUSINEX-ES,ES020816358166,87,Aranjuez,Limousine,male,504.0,,145.0,,,225.0,,850.0,weight_reconstructed,SI,"young bulls, station performance test; tape morphometry"
FECL/LIMUSINEX-ES,ES060815860556,87,Aranjuez,Limousine,male,497.0,,143.0,,,211.0,,746.0,weight_reconstructed,SI,"young bulls, station performance test; tape morphometry"
FECL/LIMUSINEX-ES,ES051203123066,87,Aranjuez,Limousine,male,496.0,,138.0,,,208.0,,708.0,weight_reconstructed,SI,"young bulls, station performance test; tape morphometry"
FECL/LIMUSINEX-ES,ES010816358165,87,Aranjuez,Limousine,male,490.0,,137.0,,,213.0,,764.0,weight_reconstructed,SI,"young bulls, station performance test; tape morphometry"
FECL/LIMUSINEX-ES,ES000815860561,87,Aranjuez,Limousine,male,473.0,,142.0,,,214.0,,772.0,weight_reconstructed,SI,"young bulls, station performance test; tape morphometry"
FECL/LIMUSINEX-ES,ES060816453977,87,Aranjuez,Limousine,male,470.0,,139.0,,,209.0,,644.0,weight_reconstructed,SI,"young bulls, station performance test; tape morphometry"
FECL/LIMUSINEX-ES,ES050816454720,87,Aranjuez,Limousine,male,469.0,,138.0,,,212.0,,706.0,weight_reconstructed,SI,"young bulls, station performance test; tape morphometry"
FECL/LIMUSINEX-ES,ES090816358163,87,Aranjuez,Limousine,male,466.0,,142.0,,,217.0,,764.0,weight_reconstructed,SI,"young bulls, station performance test; tape morphometry"
FECL/LIMUSINEX-ES,ES060816362053,87,Aranjuez,Limousine,male,461.0,,136.0,,,213.0,,712.0,weight_reconstructed,SI,"young bulls, station performance test; tape morphometry"
FECL/LIMUSINEX-ES,ES090817034119,87,Aranjuez,Limousine,male,434.0,,133.0,,,204.0,,626.0,weight_reconstructed,SI,"young bulls, station performance test; tape morphometry"
FECL/LIMUSINEX-ES,ES070816454755,87,Aranjuez,Limousine,male,421.0,,137.0,,,209.0,,738.0,weight_reconstructed,SI,"young bulls, station performance test; tape morphometry"
FECL/LIMUSINEX-ES,ES000817034121,87,Aranjuez,Limousine,male,420.0,,136.0,,,200.0,,608.0,weight_reconstructed,SI,"young bulls, station performance test; tape morphometry"
FECL/LIMUSINEX-ES,ES050816362074,87,Aranjuez,Limousine,male,389.0,,132.0,,,205.0,,662.0,weight_reconstructed,SI,"young bulls, station performance test; tape morphometry"
FECL/LIMUSINEX-ES,ES061007753067,70,Aranjuez,Limousine,male,510.0,,138.0,,,207.0,,676.0,dates_inconsistent_with_gmd,SI,"young bulls, station performance test; tape morphometry"
FECL/LIMUSINEX-ES,ES001008454827,70,Aranjuez,Limousine,male,507.0,,138.0,,,206.0,,652.0,dates_inconsistent_with_gmd,SI,"young bulls, station performance test; tape morphometry"
FECL/LIMUSINEX-ES,ES021008454830,70,Aranjuez,Limousine,male,505.0,,139.0,,,209.0,,660.0,dates_inconsistent_with_gmd,SI,"young bulls, station performance test; tape morphometry"
FECL/LIMUSINEX-ES,ES081008544859,70,Aranjuez,Limousine,male,497.0,,143.0,,,204.0,,642.0,dates_inconsistent_with_gmd,SI,"young bulls, station performance test; tape morphometry"
FECL/LIMUSINEX-ES,ES031008849843,70,Aranjuez,Limousine,male,489.0,,140.0,,,205.0,,700.0,dates_inconsistent_with_gmd,SI,"young bulls, station performance test; tape morphometry"
FECL/LIMUSINEX-ES,ES061008849835,70,Aranjuez,Limousine,male,485.0,,140.0,,,213.0,,746.0,dates_inconsistent_with_gmd,SI,"young bulls, station performance test; tape morphometry"
FECL/LIMUSINEX-ES,ES041008767001,70,Aranjuez,Limousine,male,479.0,,139.0,,,199.0,,630.0,dates_inconsistent_with_gmd,SI,"young bulls, station performance test; tape morphometry"
FECL/LIMUSINEX-ES,ES081008881577,70,Aranjuez,Limousine,male,474.0,,141.0,,,204.0,,678.0,dates_inconsistent_with_gmd,SI,"young bulls, station performance test; tape morphometry"
FECL/LIMUSINEX-ES,ES021008881582,70,Aranjuez,Limousine,male,473.0,,147.0,,,210.0,,740.0,dates_inconsistent_with_gmd,SI,"young bulls, station performance test; tape morphometry"
FECL/LIMUSINEX-ES,ES051008496073,70,Aranjuez,Limousine,male,472.0,,142.0,,,213.0,,740.0,dates_inconsistent_with_gmd,SI,"young bulls, station performance test; tape morphometry"
FECL/LIMUSINEX-ES,ES091008496077,70,Aranjuez,Limousine,male,470.0,,140.0,,,219.0,,630.0,outlier_review;dates_inconsistent_with_gmd,SI,"young bulls, station performance test; tape morphometry"
FECL/LIMUSINEX-ES,ES031008578325,70,Aranjuez,Limousine,male,465.0,,139.0,,,202.0,,664.0,dates_inconsistent_with_gmd,SI,"young bulls, station performance test; tape morphometry"
FECL/LIMUSINEX-ES,ES021008614903,70,Aranjuez,Limousine,male,458.0,,140.0,,,202.0,,688.0,dates_inconsistent_with_gmd,SI,"young bulls, station performance test; tape morphometry"
FECL/LIMUSINEX-ES,ES071008578329,70,Aranjuez,Limousine,male,458.0,,140.0,,,205.0,,666.0,dates_inconsistent_with_gmd,SI,"young bulls, station performance test; tape morphometry"
FECL/LIMUSINEX-ES,ES001008578333,70,Aranjuez,Limousine,male,457.0,,142.0,,,207.0,,700.0,dates_inconsistent_with_gmd,SI,"young bulls, station performance test; tape morphometry"
FECL/LIMUSINEX-ES,ES051008614906,70,Aranjuez,Limousine,male,455.0,,141.0,,,202.0,,690.0,dates_inconsistent_with_gmd,SI,"young bulls, station performance test; tape morphometry"
FECL/LIMUSINEX-ES,ES091008603221,70,Aranjuez,Limousine,male,454.0,,140.0,,,205.0,,670.0,dates_inconsistent_with_gmd,SI,"young bulls, station performance test; tape morphometry"
FECL/LIMUSINEX-ES,ES001008918168,70,Aranjuez,Limousine,male,445.0,,140.0,,,205.0,,698.0,dates_inconsistent_with_gmd,SI,"young bulls, station performance test; tape morphometry"
FECL/LIMUSINEX-ES,ES031008863105,70,Aranjuez,Limousine,male,445.0,,139.0,,,200.0,,636.0,dates_inconsistent_with_gmd,SI,"young bulls, station performance test; tape morphometry"
FECL/LIMUSINEX-ES,ES031008589286,70,Aranjuez,Limousine,male,443.0,,138.0,,,195.0,,636.0,dates_inconsistent_with_gmd,SI,"young bulls, station performance test; tape morphometry"
FECL/LIMUSINEX-ES,ES061008603228,70,Aranjuez,Limousine,male,443.0,,138.0,,,205.0,,654.0,dates_inconsistent_with_gmd,SI,"young bulls, station performance test; tape morphometry"
FECL/LIMUSINEX-ES,ES061008546217,70,Aranjuez,Limousine,male,440.0,,138.0,,,208.0,,694.0,dates_inconsistent_with_gmd,SI,"young bulls, station performance test; tape morphometry"
FECL/LIMUSINEX-ES,ES021010595435,49,Badajoz,Limousine,male,,188.0,137.0,,67.0,213.0,64.0,668.0,ok,SI,"young bulls, station performance test; tape morphometry"
FECL/LIMUSINEX-ES,ES041010585944,49,Badajoz,Limousine,male,,191.0,132.0,,61.0,206.0,63.0,628.0,ok,SI,"young bulls, station performance test; tape morphometry"
FECL/LIMUSINEX-ES,ES051010165072,49,Badajoz,Limousine,male,,190.0,136.0,,65.0,201.0,65.0,638.0,ok,SI,"young bulls, station performance test; tape morphometry"
FECL/LIMUSINEX-ES,ES061010585946,49,Badajoz,Limousine,male,,193.0,133.0,,64.0,205.0,64.0,638.0,ok,SI,"young bulls, station performance test; tape morphometry"
FECL/LIMUSINEX-ES,ES031010920513,49,Badajoz,Limousine,male,,191.0,132.0,,66.0,205.0,66.0,680.0,ok,SI,"young bulls, station performance test; tape morphometry"
FECL/LIMUSINEX-ES,ES061010595439,49,Badajoz,Limousine,male,,189.0,132.0,,63.0,198.0,62.0,592.0,ok,SI,"young bulls, station performance test; tape morphometry"
FECL/LIMUSINEX-ES,ES091010165076,49,Badajoz,Limousine,male,,182.0,134.0,,64.0,199.0,61.0,604.0,ok,SI,"young bulls, station performance test; tape morphometry"
FECL/LIMUSINEX-ES,ES061010531933,49,Badajoz,Limousine,male,,192.0,140.0,,64.0,205.0,62.0,698.0,ok,SI,"young bulls, station performance test; tape morphometry"
FECL/LIMUSINEX-ES,ES021010165068,49,Badajoz,Limousine,male,,195.0,140.0,,67.0,210.0,68.0,682.0,ok,SI,"young bulls, station performance test; tape morphometry"
FECL/LIMUSINEX-ES,ES071010165096,49,Badajoz,Limousine,male,,195.0,139.0,,69.0,207.0,62.0,684.0,ok,SI,"young bulls, station performance test; tape morphometry"
FECL/LIMUSINEX-ES,ES081010695936,49,Badajoz,Limousine,male,,183.0,132.0,,64.0,205.0,63.0,634.0,ok,SI,"young bulls, station performance test; tape morphometry"
FECL/LIMUSINEX-ES,ES051010683284,49,Badajoz,Limousine,male,,170.0,133.0,,66.0,197.0,59.0,592.0,ok,SI,"young bulls, station performance test; tape morphometry"
FECL/LIMUSINEX-ES,ES091010165098,49,Badajoz,Limousine,male,,190.0,134.0,,72.0,212.0,68.0,736.0,ok,SI,"young bulls, station performance test; tape morphometry"
FECL/LIMUSINEX-ES,ES031010535307,49,Badajoz,Limousine,male,,181.0,136.0,,64.0,202.0,64.0,650.0,ok,SI,"young bulls, station performance test; tape morphometry"
FECL/LIMUSINEX-ES,ES091010165361,49,Badajoz,Limousine,male,,185.0,132.0,,64.0,196.0,62.0,598.0,ok,SI,"young bulls, station performance test; tape morphometry"
FECL/LIMUSINEX-ES,ES061010535311,49,Badajoz,Limousine,male,,180.0,131.0,,60.0,208.0,59.0,624.0,ok,SI,"young bulls, station performance test; tape morphometry"
FECL/LIMUSINEX-ES,ES031010695942,49,Badajoz,Limousine,male,,177.0,124.0,,59.0,193.0,60.0,550.0,ok,SI,"young bulls, station performance test; tape morphometry"
FECL/LIMUSINEX-ES,ES061010683285,49,Badajoz,Limousine,male,,189.0,132.0,,62.0,199.0,61.0,576.0,ok,SI,"young bulls, station performance test; tape morphometry"
FECL/LIMUSINEX-ES,ES051010165367,49,Badajoz,Limousine,male,,189.0,135.0,,63.0,198.0,58.0,594.0,ok,SI,"young bulls, station performance test; tape morphometry"
FECL/LIMUSINEX-ES,ES071010518164,49,Badajoz,Limousine,male,,177.0,130.0,,65.0,194.0,59.0,578.0,ok,SI,"young bulls, station performance test; tape morphometry"
FECL/LIMUSINEX-ES,ES081010165359,49,Badajoz,Limousine,male,,195.0,140.0,,63.0,201.0,59.0,624.0,ok,SI,"young bulls, station performance test; tape morphometry"
FECL/LIMUSINEX-ES,ES041010197386,49,Badajoz,Limousine,male,,186.0,128.0,,61.0,197.0,59.0,578.0,ok,SI,"young bulls, station performance test; tape morphometry"
FECL/LIMUSINEX-ES,ES021010192492,49,Badajoz,Limousine,male,,197.0,136.0,,69.0,215.0,69.0,700.0,ok,SI,"young bulls, station performance test; tape morphometry"
FECL/LIMUSINEX-ES,ES011011439240,52,Badajoz,Limousine,male,,184.0,135.0,,65.0,203.0,64.0,590.0,ok,SI,"young bulls, station performance test; tape morphometry"
FECL/LIMUSINEX-ES,ES091011439237,52,Badajoz,Limousine,male,,188.0,135.0,,66.0,205.0,64.0,648.0,ok,SI,"young bulls, station performance test; tape morphometry"
FECL/LIMUSINEX-ES,ES071011525676,52,Badajoz,Limousine,male,,190.0,136.0,,59.0,200.0,59.0,560.0,ok,SI,"young bulls, station performance test; tape morphometry"
FECL/LIMUSINEX-ES,ES091011159365,52,Badajoz,Limousine,male,,181.0,134.0,,60.0,184.0,57.0,522.0,ok,SI,"young bulls, station performance test; tape morphometry"
FECL/LIMUSINEX-ES,ES031011169807,52,Badajoz,Limousine,male,,189.0,127.0,,67.0,204.0,63.0,600.0,ok,SI,"young bulls, station performance test; tape morphometry"
FECL/LIMUSINEX-ES,ES091011159296,52,Badajoz,Limousine,male,,186.0,134.0,,63.0,212.0,61.0,682.0,ok,SI,"young bulls, station performance test; tape morphometry"
FECL/LIMUSINEX-ES,ES051011246114,52,Badajoz,Limousine,male,,182.0,130.0,,67.0,198.0,64.0,552.0,ok,SI,"young bulls, station performance test; tape morphometry"
FECL/LIMUSINEX-ES,ES011011439228,52,Badajoz,Limousine,male,,190.0,131.0,,65.0,207.0,61.0,622.0,ok,SI,"young bulls, station performance test; tape morphometry"
FECL/LIMUSINEX-ES,ES091011207535,52,Badajoz,Limousine,male,,190.0,133.0,,66.0,203.0,63.0,622.0,ok,SI,"young bulls, station performance test; tape morphometry"
FECL/LIMUSINEX-ES,ES011011525670,52,Badajoz,Limousine,male,,180.0,129.0,,63.0,193.0,60.0,574.0,ok,SI,"young bulls, station performance test; tape morphometry"
FECL/LIMUSINEX-ES,ES031011246112,52,Badajoz,Limousine,male,,188.0,134.0,,57.0,203.0,56.0,626.0,ok,SI,"young bulls, station performance test; tape morphometry"
FECL/LIMUSINEX-ES,ES091011325996,52,Badajoz,Limousine,male,,187.0,133.0,,68.0,202.0,64.0,632.0,ok,SI,"young bulls, station performance test; tape morphometry"
FECL/LIMUSINEX-ES,ES021011246111,52,Badajoz,Limousine,male,,172.0,133.0,,64.0,199.0,65.0,612.0,ok,SI,"young bulls, station performance test; tape morphometry"
FECL/LIMUSINEX-ES,ES011011246109,52,Badajoz,Limousine,male,,170.0,134.0,,67.0,194.0,64.0,564.0,ok,SI,"young bulls, station performance test; tape morphometry"
FECL/LIMUSINEX-ES,ES011011459908,52,Badajoz,Limousine,male,,197.0,133.0,,63.0,214.0,62.0,696.0,ok,SI,"young bulls, station performance test; tape morphometry"
FECL/LIMUSINEX-ES,ES001011169804,52,Badajoz,Limousine,male,,198.0,131.0,,63.0,207.0,61.0,648.0,ok,SI,"young bulls, station performance test; tape morphometry"
FECL/LIMUSINEX-ES,ES071011466261,52,Badajoz,Limousine,male,,198.0,136.0,,63.0,211.0,63.0,680.0,ok,SI,"young bulls, station performance test; tape morphometry"
FECL/LIMUSINEX-ES,ES001011466264,52,Badajoz,Limousine,male,,189.0,131.0,,60.0,209.0,57.0,680.0,ok,SI,"young bulls, station performance test; tape morphometry"
FECL/LIMUSINEX-ES,ES091011246107,52,Badajoz,Limousine,male,,192.0,135.0,,66.0,203.0,62.0,634.0,ok,SI,"young bulls, station performance test; tape morphometry"
FECL/LIMUSINEX-ES,ES081011213310,52,Badajoz,Limousine,male,,200.0,138.0,,62.0,210.0,59.0,702.0,ok,SI,"young bulls, station performance test; tape morphometry"
FECL/LIMUSINEX-ES,ES021011369544,52,Badajoz,Limousine,male,,189.0,141.0,,64.0,225.0,62.0,736.0,ok,SI,"young bulls, station performance test; tape morphometry"
FECL/LIMUSINEX-ES,ES001011417392,53,Badajoz,Limousine,male,,173.0,127.0,,60.0,186.0,58.0,512.0,ok,SI,"young bulls, station performance test; tape morphometry"
FECL/LIMUSINEX-ES,ES051011677551,53,Badajoz,Limousine,male,,178.0,127.0,,59.0,182.0,58.0,504.0,ok,SI,"young bulls, station performance test; tape morphometry"
FECL/LIMUSINEX-ES,ES021011417383,53,Badajoz,Limousine,male,,174.0,128.0,,60.0,183.0,57.0,526.0,ok,SI,"young bulls, station performance test; tape morphometry"
FECL/LIMUSINEX-ES,ES051011696363,53,Badajoz,Limousine,male,,171.0,128.0,,60.0,185.0,58.0,492.0,ok,SI,"young bulls, station performance test; tape morphometry"
FECL/LIMUSINEX-ES,ES091011246152,53,Badajoz,Limousine,male,,175.0,127.0,,61.0,190.0,58.0,510.0,ok,SI,"young bulls, station performance test; tape morphometry"
FECL/LIMUSINEX-ES,ES001011696379,53,Badajoz,Limousine,male,,182.0,130.0,,60.0,187.0,57.0,572.0,ok,SI,"young bulls, station performance test; tape morphometry"
FECL/LIMUSINEX-ES,ES021011660882,53,Badajoz,Limousine,male,,186.0,132.0,,63.0,200.0,65.0,644.0,ok,SI,"young bulls, station performance test; tape morphometry"
FECL/LIMUSINEX-ES,ES011011677546,53,Badajoz,Limousine,male,,183.0,129.0,,67.0,202.0,61.0,622.0,ok,SI,"young bulls, station performance test; tape morphometry"
FECL/LIMUSINEX-ES,ES041011668753,53,Badajoz,Limousine,male,,184.0,129.0,,65.0,211.0,63.0,656.0,ok,SI,"young bulls, station performance test; tape morphometry"
FECL/LIMUSINEX-ES,ES021011668751,53,Badajoz,Limousine,male,,196.0,130.0,,71.0,207.0,68.0,724.0,ok,SI,"young bulls, station performance test; tape morphometry"
FECL/LIMUSINEX-ES,ES091011677533,53,Badajoz,Limousine,male,,193.0,129.0,,65.0,203.0,62.0,656.0,ok,SI,"young bulls, station performance test; tape morphometry"
FECL/LIMUSINEX-ES,ES071011677520,53,Badajoz,Limousine,male,,186.0,133.0,,65.0,205.0,59.0,656.0,ok,SI,"young bulls, station performance test; tape morphometry"
FECL/LIMUSINEX-ES,ES021011552958,53,Badajoz,Limousine,male,,173.0,126.0,,63.0,191.0,60.0,554.0,ok,SI,"young bulls, station performance test; tape morphometry"
FECL/LIMUSINEX-ES,ES051010731998,53,Badajoz,Limousine,male,,189.0,131.0,,61.0,199.0,63.0,598.0,ok,SI,"young bulls, station performance test; tape morphometry"
FECL/LIMUSINEX-ES,ES071011668745,53,Badajoz,Limousine,male,,183.0,132.0,,64.0,208.0,64.0,658.0,ok,SI,"young bulls, station performance test; tape morphometry"
FECL/LIMUSINEX-ES,ES051011444641,53,Badajoz,Limousine,male,,180.0,127.0,,60.0,196.0,59.0,562.0,ok,SI,"young bulls, station performance test; tape morphometry"
FECL/LIMUSINEX-ES,ES051011668743,53,Badajoz,Limousine,male,,185.0,132.0,,67.0,204.0,65.0,676.0,ok,SI,"young bulls, station performance test; tape morphometry"
FECL/LIMUSINEX-ES,ES031011142251,53,Badajoz,Limousine,male,,185.0,134.0,,63.0,202.0,60.0,626.0,ok,SI,"young bulls, station performance test; tape morphometry"
FECL/LIMUSINEX-ES,ES021011525682,53,Badajoz,Limousine,male,,178.0,130.0,,64.0,199.0,65.0,586.0,ok,SI,"young bulls, station performance test; tape morphometry"
FECL/LIMUSINEX-ES,ES051011320931,53,Badajoz,Limousine,male,,183.0,128.0,,62.0,195.0,59.0,594.0,ok,SI,"young bulls, station performance test; tape morphometry"
FECL/LIMUSINEX-ES,ES051011675839,53,Badajoz,Limousine,male,,185.0,132.0,,64.0,205.0,63.0,612.0,ok,SI,"young bulls, station performance test; tape morphometry"
FECL/LIMUSINEX-ES,ES031011552948,53,Badajoz,Limousine,male,,182.0,129.0,,63.0,197.0,62.0,630.0,ok,SI,"young bulls, station performance test; tape morphometry"
FECL/LIMUSINEX-ES,ES041011275667,53,Badajoz,Limousine,male,,175.0,127.0,,62.0,194.0,59.0,576.0,ok,SI,"young bulls, station performance test; tape morphometry"
FECL/LIMUSINEX-ES,ES051011369592,53,Badajoz,Limousine,male,,167.0,129.0,,65.0,195.0,60.0,588.0,ok,SI,"young bulls, station performance test; tape morphometry"
FECL/LIMUSINEX-ES,ES021011446804,53,Badajoz,Limousine,male,,174.0,130.0,,63.0,204.0,63.0,606.0,ok,SI,"young bulls, station performance test; tape morphometry"
FECL/LIMUSINEX-ES,ES091011323081,53,Badajoz,Limousine,male,,189.0,130.0,,65.0,213.0,61.0,676.0,ok,SI,"young bulls, station performance test; tape morphometry"
FECL/LIMUSINEX-ES,ES030109334173,50,Badajoz,Limousine,male,,192.0,133.0,,64.0,197.0,59.0,604.0,ok,SI,"young bulls, station performance test; tape morphometry"
FECL/LIMUSINEX-ES,ES071011142164,50,Badajoz,Limousine,male,,194.0,135.0,,60.0,197.0,58.0,598.0,ok,SI,"young bulls, station performance test; tape morphometry"
FECL/LIMUSINEX-ES,ES081011026391,50,Badajoz,Limousine,male,,193.0,131.0,,63.0,196.0,60.0,608.0,ok,SI,"young bulls, station performance test; tape morphometry"
FECL/LIMUSINEX-ES,ES041011026397,50,Badajoz,Limousine,male,,188.0,137.0,,63.0,198.0,59.0,616.0,ok,SI,"young bulls, station performance test; tape morphometry"
FECL/LIMUSINEX-ES,ES061011026388,50,Badajoz,Limousine,male,,186.0,133.0,,62.0,200.0,59.0,626.0,ok,SI,"young bulls, station performance test; tape morphometry"
FECL/LIMUSINEX-ES,ES000109334169,50,Badajoz,Limousine,male,,196.0,135.0,,64.0,206.0,60.0,670.0,ok,SI,"young bulls, station performance test; tape morphometry"
FECL/LIMUSINEX-ES,ES031010734177,50,Badajoz,Limousine,male,,187.0,130.0,,65.0,200.0,62.0,588.0,ok,SI,"young bulls, station performance test; tape morphometry"
FECL/LIMUSINEX-ES,ES021010734176,50,Badajoz,Limousine,male,,186.0,129.0,,65.0,196.0,62.0,592.0,ok,SI,"young bulls, station performance test; tape morphometry"
FECL/LIMUSINEX-ES,ES021011226817,50,Badajoz,Limousine,male,,189.0,135.0,,61.0,191.0,55.0,582.0,ok,SI,"young bulls, station performance test; tape morphometry"
FECL/LIMUSINEX-ES,ES011010191647,50,Badajoz,Limousine,male,,211.0,138.0,,69.0,213.0,65.0,758.0,ok,SI,"young bulls, station performance test; tape morphometry"
FECL/LIMUSINEX-ES,ES051010526024,50,Badajoz,Limousine,male,,194.0,130.0,,64.0,195.0,60.0,610.0,ok,SI,"young bulls, station performance test; tape morphometry"
FECL/LIMUSINEX-ES,ES001010630575,50,Badajoz,Limousine,male,,192.0,136.0,,66.0,211.0,65.0,720.0,ok,SI,"young bulls, station performance test; tape morphometry"
FECL/LIMUSINEX-ES,ES071010775965,50,Badajoz,Limousine,male,,205.0,141.0,,64.0,206.0,62.0,696.0,ok,SI,"young bulls, station performance test; tape morphometry"
FECL/LIMUSINEX-ES,ES071011210412,51,Badajoz,Limousine,male,,178.0,137.0,,,208.0,,508.0,series_suspect_weight_link,NO,"young bulls, station performance test; tape morphometry"
FECL/LIMUSINEX-ES,ES071010925181,51,Badajoz,Limousine,male,,189.0,131.0,,,209.0,,472.0,series_suspect_weight_link,NO,"young bulls, station performance test; tape morphometry"
FECL/LIMUSINEX-ES,ES081011252915,51,Badajoz,Limousine,male,,187.0,129.0,,,194.0,,548.0,series_suspect_weight_link,NO,"young bulls, station performance test; tape morphometry"
FECL/LIMUSINEX-ES,ES021011310718,51,Badajoz,Limousine,male,,184.0,130.0,,,205.0,,538.0,series_suspect_weight_link,NO,"young bulls, station performance test; tape morphometry"
FECL/LIMUSINEX-ES,ES051011042543,51,Badajoz,Limousine,male,,194.0,137.0,,,207.0,,568.0,series_suspect_weight_link,NO,"young bulls, station performance test; tape morphometry"
FECL/LIMUSINEX-ES,ES091011226825,51,Badajoz,Limousine,male,,191.0,134.0,,,214.0,,618.0,series_suspect_weight_link,NO,"young bulls, station performance test; tape morphometry"
FECL/LIMUSINEX-ES,ES091011233615,51,Badajoz,Limousine,male,,190.0,132.0,,,206.0,,522.0,series_suspect_weight_link,NO,"young bulls, station performance test; tape morphometry"
FECL/LIMUSINEX-ES,ES021010965795,51,Badajoz,Limousine,male,,186.0,132.0,,,207.0,,586.0,series_suspect_weight_link,NO,"young bulls, station performance test; tape morphometry"
FECL/LIMUSINEX-ES,ES081011359240,51,Badajoz,Limousine,male,,186.0,130.0,,,196.0,,536.0,series_suspect_weight_link,NO,"young bulls, station performance test; tape morphometry"
FECL/LIMUSINEX-ES,ES031011071915,51,Badajoz,Limousine,male,,188.0,133.0,,,205.0,,630.0,series_suspect_weight_link,NO,"young bulls, station performance test; tape morphometry"
FECL/LIMUSINEX-ES,ES091011386244,51,Badajoz,Limousine,male,,193.0,132.0,,,197.0,,660.0,series_suspect_weight_link,NO,"young bulls, station performance test; tape morphometry"
FECL/LIMUSINEX-ES,ES041011143131,51,Badajoz,Limousine,male,,193.0,128.0,,,207.0,,618.0,series_suspect_weight_link,NO,"young bulls, station performance test; tape morphometry"
FECL/LIMUSINEX-ES,ES031010882483,51,Badajoz,Limousine,male,,193.0,130.0,,,206.0,,670.0,series_suspect_weight_link,NO,"young bulls, station performance test; tape morphometry"
FECL/LIMUSINEX-ES,ES081011386232,51,Badajoz,Limousine,male,,180.0,127.0,,,197.0,,598.0,series_suspect_weight_link,NO,"young bulls, station performance test; tape morphometry"
FECL/LIMUSINEX-ES,ES091011320800,51,Badajoz,Limousine,male,,197.0,137.0,,,197.0,,552.0,series_suspect_weight_link,NO,"young bulls, station performance test; tape morphometry"
FECL/LIMUSINEX-ES,ES021011042540,51,Badajoz,Limousine,male,,198.0,135.0,,,210.0,,518.0,series_suspect_weight_link,NO,"young bulls, station performance test; tape morphometry"
FECL/LIMUSINEX-ES,ES041011071905,51,Badajoz,Limousine,male,,183.0,128.0,,,192.0,,654.0,series_suspect_weight_link,NO,"young bulls, station performance test; tape morphometry"
FECL/LIMUSINEX-ES,ES021011143128,51,Badajoz,Limousine,male,,190.0,129.0,,,199.0,,582.0,series_suspect_weight_link,NO,"young bulls, station performance test; tape morphometry"
FECL/LIMUSINEX-ES,ES031011369501,51,Badajoz,Limousine,male,,177.0,131.0,,,210.0,,540.0,series_suspect_weight_link,NO,"young bulls, station performance test; tape morphometry"
FECL/LIMUSINEX-ES,ES031011071879,51,Badajoz,Limousine,male,,184.0,128.0,,,197.0,,656.0,series_suspect_weight_link,NO,"young bulls, station performance test; tape morphometry"
FECL/LIMUSINEX-ES,ES051010965776,51,Badajoz,Limousine,male,,189.0,129.0,,,193.0,,574.0,series_suspect_weight_link,NO,"young bulls, station performance test; tape morphometry"
FECL/LIMUSINEX-ES,ES051010920606,51,Badajoz,Limousine,male,,171.0,130.0,,,195.0,,570.0,series_suspect_weight_link,NO,"young bulls, station performance test; tape morphometry"
FECL/LIMUSINEX-ES,ES041011159279,51,Badajoz,Limousine,male,,195.0,129.0,,,194.0,,730.0,series_suspect_weight_link,NO,"young bulls, station performance test; tape morphometry"
FECL/LIMUSINEX-ES,ES021010945300,51,Badajoz,Limousine,male,,174.0,119.0,,,189.0,,558.0,series_suspect_weight_link,NO,"young bulls, station performance test; tape morphometry"
FECL/LIMUSINEX-ES,ES011011071877,51,Badajoz,Limousine,male,,186.0,127.0,,,195.0,,640.0,series_suspect_weight_link,NO,"young bulls, station performance test; tape morphometry"
FECL/LIMUSINEX-ES,ES051011207520,51,Badajoz,Limousine,male,,186.0,123.0,,,190.0,,626.0,series_suspect_weight_link,NO,"young bulls, station performance test; tape morphometry"
FECL/LIMUSINEX-ES,ES041010731986,51,Badajoz,Limousine,male,,181.0,125.0,,,191.0,,602.0,series_suspect_weight_link,NO,"young bulls, station performance test; tape morphometry"
FECL/LIMUSINEX-ES,ES071011071873,51,Badajoz,Limousine,male,,192.0,130.0,,,200.0,,664.0,series_suspect_weight_link,NO,"young bulls, station performance test; tape morphometry"
FECL/LIMUSINEX-ES,ES071011213295,51,Badajoz,Limousine,male,,175.0,125.0,,,188.0,,634.0,series_suspect_weight_link,NO,"young bulls, station performance test; tape morphometry"
FECL/LIMUSINEX-ES,ES071011310699,51,Badajoz,Limousine,male,,194.0,130.0,,,200.0,,582.0,series_suspect_weight_link,NO,"young bulls, station performance test; tape morphometry"
FECL/LIMUSINEX-ES,ES061011213294,51,Badajoz,Limousine,male,,171.0,127.0,,,179.0,,638.0,series_suspect_weight_link,NO,"young bulls, station performance test; tape morphometry"
FECL/LIMUSINEX-ES,ES031010883577,51,Badajoz,Limousine,male,,186.0,126.0,,,192.0,,550.0,series_suspect_weight_link,NO,"young bulls, station performance test; tape morphometry"
FECL/LIMUSINEX-ES,ES091011159274,51,Badajoz,Limousine,male,,183.0,129.0,,,191.0,,664.0,series_suspect_weight_link,NO,"young bulls, station performance test; tape morphometry"
