dataset_source,external_animal_id,campaign,breed,sex,abdominal_width_cm,abdominal_width_2_cm,hip_height_cm,withers_height_cm,wih_cm,bh_cm,body_length_cm,chest_girth_cm,thoracic_depth_cm,real_weight_kg,notes
Wang2024/Zenodo-11277007,101,8-3,Simmental,male,52.42,64.39,116.10,121.58,111.33,110.78,90.07,,,270,"young bulls, UAV-LiDAR; no chest girth in this modality"
Wang2024/Zenodo-11277007,101,8-2,Simmental,male,48.51,64.63,117.55,122.15,114.08,113.65,85.04,,,270,"young bulls, UAV-LiDAR; no chest girth in this modality"
Wang2024/Zenodo-11277007,103,10-5,Simmental,male,55.88,55.88,115.39,119.03,109.79,108.30,95.87,,,256,"young bulls, UAV-LiDAR; no chest girth in this modality"
Wang2024/Zenodo-11277007,103,10-2,Simmental,male,54.92,65.02,119.45,119.29,113.67,113.09,60.58,,,256,"young bulls, UAV-LiDAR; no chest girth in this modality"
Wang2024/Zenodo-11277007,104,10-5,Simmental,male,60.68,66.51,116.17,122.73,110.50,110.12,86.68,,,252,"young bulls, UAV-LiDAR; no chest girth in this modality"
Wang2024/Zenodo-11277007,112,8-1,Simmental,male,54.87,63.85,120.19,122.41,114.79,114.84,77.88,,,233,"young bulls, UAV-LiDAR; no chest girth in this modality"
Wang2024/Zenodo-11277007,114,15-3,Simmental,male,60.89,73.36,110.70,115.53,107.63,107.19,86.85,,,224,"young bulls, UAV-LiDAR; no chest girth in this modality"
Wang2024/Zenodo-11277007,114,15-5,Simmental,male,56.66,64.90,108.81,114.81,107.17,104.83,95.33,,,224,"young bulls, UAV-LiDAR; no chest girth in this modality"
Wang2024/Zenodo-11277007,116,10-3,Simmental,male,56.55,67.58,115.51,115.65,109.08,109.40,60.74,,,228,"young bulls, UAV-LiDAR; no chest girth in this modality"
Wang2024/Zenodo-11277007,117,8-1,Simmental,male,54.69,67.69,115.80,118.68,110.34,109.96,78.48,,,225,"young bulls, UAV-LiDAR; no chest girth in this modality"
Wang2024/Zenodo-11277007,117,8-2,Simmental,male,55.07,59.90,115.75,118.16,119.57,110.37,107.19,,,225,"young bulls, UAV-LiDAR; no chest girth in this modality"
Wang2024/Zenodo-11277007,119,15-5,Simmental,male,51.60,59.59,111.90,115.22,111.86,103.48,95.75,,,217,"young bulls, UAV-LiDAR; no chest girth in this modality"
Wang2024/Zenodo-11277007,119,15-1,Simmental,male,55.67,63.77,115.90,118.77,112.10,111.15,75.68,,,217,"young bulls, UAV-LiDAR; no chest girth in this modality"
Wang2024/Zenodo-11277007,119,15-2,Simmental,male,52.38,61.34,111.76,115.60,111.98,108.10,92.54,,,217,"young bulls, UAV-LiDAR; no chest girth in this modality"
Wang2024/Zenodo-11277007,122,10-5,Simmental,male,51.38,55.66,116.68,118.61,112.09,104.76,77.48,,,216,"young bulls, UAV-LiDAR; no chest girth in this modality"
Wang2024/Zenodo-11277007,131,10-2,Simmental,male,63.64,69.28,115.31,122.97,114.34,112.47,85.38,,,266,"young bulls, UAV-LiDAR; no chest girth in this modality"
Wang2024/Zenodo-11277007,131,10-5,Simmental,male,52.38,62.43,117.34,120.26,110.89,110.97,74.47,,,266,"young bulls, UAV-LiDAR; no chest girth in this modality"
Wang2024/Zenodo-11277007,131,10-3,Simmental,male,65.48,74.44,116.53,117.91,110.59,110.67,67.32,,,266,"young bulls, UAV-LiDAR; no chest girth in this modality"
Wang2024/Zenodo-11277007,132,15-3,Simmental,male,48.99,48.99,109.81,114.35,106.32,100.92,85.20,,,202,"young bulls, UAV-LiDAR; no chest girth in this modality"
Wang2024/Zenodo-11277007,132,15-5,Simmental,male,51.79,51.79,113.45,115.10,106.57,98.40,73.03,,,202,"young bulls, UAV-LiDAR; no chest girth in this modality"
Wang2024/Zenodo-11277007,133,8-3,Simmental,male,45.72,62.17,116.12,120.59,111.30,111.22,88.18,,,244,"young bulls, UAV-LiDAR; no chest girth in this modality"
Wang2024/Zenodo-11277007,201,10-5,Simmental,male,57.12,64.16,112.90,116.53,111.12,109.37,99.24,,,237,"young bulls, UAV-LiDAR; no chest girth in this modality"
Wang2024/Zenodo-11277007,201,8-1,Simmental,male,58.63,65.71,114.60,115.90,113.95,111.75,85.88,,,237,"young bulls, UAV-LiDAR; no chest girth in this modality"
Wang2024/Zenodo-11277007,201,10-2,Simmental,male,58.60,71.90,113.29,116.06,109.88,107.35,99.07,,,237,"young bulls, UAV-LiDAR; no chest girth in this modality"
Wang2024/Zenodo-11277007,201,10-3,Simmental,male,59.20,65.69,115.33,117.34,109.38,107.80,98.29,,,237,"young bulls, UAV-LiDAR; no chest girth in this modality"
Wang2024/Zenodo-11277007,207,10-5,Simmental,male,56.38,60.44,110.03,114.44,108.76,104.04,87.02,,,240,"young bulls, UAV-LiDAR; no chest girth in this modality"
Wang2024/Zenodo-11277007,207,10-2,Simmental,male,59.65,69.16,113.70,118.80,107.58,106.69,99.68,,,240,"young bulls, UAV-LiDAR; no chest girth in this modality"
Wang2024/Zenodo-11277007,207,8-5,Simmental,male,53.72,61.40,113.62,116.52,106.59,103.60,90.02,,,240,"young bulls, UAV-LiDAR; no chest girth in this modality"
Wang2024/Zenodo-11277007,207,8-2,Simmental,male,54.08,61.67,111.70,115.64,108.00,105.62,78.54,,,240,"young bulls, UAV-LiDAR; no chest girth in this modality"
Wang2024/Zenodo-11277007,207,8-1,Simmental,male,54.29,69.72,110.68,114.04,108.19,105.98,86.09,,,240,"young bulls, UAV-LiDAR; no chest girth in this modality"
Wang2024/Zenodo-11277007,207,8-3,Simmental,male,57.33,62.02,112.49,116.89,107.43,106.33,84.21,,,240,"young bulls, UAV-LiDAR; no chest girth in this modality"
Wang2024/Zenodo-11277007,208,15-3,Simmental,male,51.74,67.79,112.57,115.18,111.79,110.33,70.92,,,228,"young bulls, UAV-LiDAR; no chest girth in this modality"
Wang2024/Zenodo-11277007,212,8-1,Simmental,male,49.37,62.27,115.32,117.78,111.35,109.46,94.58,,,222,"young bulls, UAV-LiDAR; no chest girth in this modality"
Wang2024/Zenodo-11277007,212,8-3,Simmental,male,41.25,55.42,114.79,117.39,111.15,108.42,88.59,,,222,"young bulls, UAV-LiDAR; no chest girth in this modality"
Wang2024/Zenodo-11277007,212,8-5,Simmental,male,48.83,53.59,115.22,117.36,111.49,106.41,78.54,,,222,"young bulls, UAV-LiDAR; no chest girth in this modality"
Wang2024/Zenodo-11277007,212,8-2,Simmental,male,48.84,54.33,115.02,117.96,110.93,108.58,85.98,,,222,"young bulls, UAV-LiDAR; no chest girth in this modality"
Wang2024/Zenodo-11277007,215,10-2,Simmental,male,58.00,64.82,111.16,115.57,104.39,103.80,86.92,,,223,"young bulls, UAV-LiDAR; no chest girth in this modality"
Wang2024/Zenodo-11277007,215,10-1,Simmental,male,51.11,62.45,114.60,117.45,108.95,109.25,68.67,,,223,"young bulls, UAV-LiDAR; no chest girth in this modality"
Wang2024/Zenodo-11277007,216,15-5,Simmental,male,51.96,75.94,116.51,120.52,108.30,106.94,74.07,,,225,"young bulls, UAV-LiDAR; no chest girth in this modality"
Wang2024/Zenodo-11277007,219,15-5,Simmental,male,47.55,66.34,115.62,117.99,106.15,104.94,73.82,,,216,"young bulls, UAV-LiDAR; no chest girth in this modality"
Wang2024/Zenodo-11277007,220,15-5,Simmental,male,53.05,66.68,111.37,114.34,107.20,104.85,73.17,,,209,"young bulls, UAV-LiDAR; no chest girth in this modality"
Wang2024/Zenodo-11277007,221,10-5,Simmental,male,48.72,58.38,113.26,116.84,105.89,96.43,91.40,,,219,"young bulls, UAV-LiDAR; no chest girth in this modality"
Wang2024/Zenodo-11277007,222,15-5,Simmental,male,51.17,69.59,110.16,115.88,106.08,103.43,99.31,,,213,"young bulls, UAV-LiDAR; no chest girth in this modality"
Wang2024/Zenodo-11277007,222,15-2,Simmental,male,53.90,64.17,111.41,117.03,111.34,105.11,118.70,,,213,"young bulls, UAV-LiDAR; no chest girth in this modality"
Wang2024/Zenodo-11277007,222,10-5,Simmental,male,49.42,59.18,109.93,115.55,108.65,101.12,100.46,,,213,"young bulls, UAV-LiDAR; no chest girth in this modality"
Wang2024/Zenodo-11277007,223,10-2,Simmental,male,57.59,64.08,114.72,116.90,108.17,108.48,73.24,,,207,"young bulls, UAV-LiDAR; no chest girth in this modality"
Wang2024/Zenodo-11277007,228,15-5,Simmental,male,51.99,61.68,112.13,115.35,110.18,106.48,80.88,,,190,"young bulls, UAV-LiDAR; no chest girth in this modality"
Wang2024/Zenodo-11277007,229,15-5,Simmental,male,48.14,59.19,106.28,109.98,105.22,101.40,104.04,,,206,"young bulls, UAV-LiDAR; no chest girth in this modality"
Wang2024/Zenodo-11277007,229,10-1,Simmental,male,46.12,53.08,106.98,109.84,104.03,102.98,90.01,,,206,"young bulls, UAV-LiDAR; no chest girth in this modality"
Wang2024/Zenodo-11277007,229,15-1,Simmental,male,48.84,57.34,107.99,110.88,98.73,100.64,81.71,,,206,"young bulls, UAV-LiDAR; no chest girth in this modality"
Wang2024/Zenodo-11277007,230,8-2,Simmental,male,54.23,59.83,112.65,116.04,102.58,100.36,70.99,,,188,"young bulls, UAV-LiDAR; no chest girth in this modality"
Wang2024/Zenodo-11277007,230,8-3,Simmental,male,43.29,56.55,114.13,116.81,103.95,99.93,76.25,,,188,"young bulls, UAV-LiDAR; no chest girth in this modality"
Wang2024/Zenodo-11277007,230,8-1,Simmental,male,46.02,68.19,114.15,117.72,102.86,101.37,75.14,,,188,"young bulls, UAV-LiDAR; no chest girth in this modality"
Wang2024/Zenodo-11277007,230,10-5,Simmental,male,48.47,63.44,112.46,116.29,102.39,99.02,76.43,,,188,"young bulls, UAV-LiDAR; no chest girth in this modality"
Wang2024/Zenodo-11277007,230,10-3,Simmental,male,53.75,58.44,114.25,117.20,103.43,102.00,72.64,,,188,"young bulls, UAV-LiDAR; no chest girth in this modality"
Wang2024/Zenodo-11277007,230,8-5,Simmental,male,42.57,57.70,113.55,116.38,103.94,100.59,73.70,,,188,"young bulls, UAV-LiDAR; no chest girth in this modality"
Wang2024/Zenodo-11277007,233,15-3,Simmental,male,49.53,61.55,105.02,108.74,100.11,98.56,78.96,,,211,"young bulls, UAV-LiDAR; no chest girth in this modality"
Wang2024/Zenodo-11277007,301,15-2,Simmental,male,51.80,60.94,119.24,119.24,111.73,110.83,63.40,,,243,"young bulls, UAV-LiDAR; no chest girth in this modality"
Wang2024/Zenodo-11277007,302,15-3,Simmental,male,54.69,67.12,122.75,125.67,119.48,117.80,82.70,,,269,"young bulls, UAV-LiDAR; no chest girth in this modality"
Wang2024/Zenodo-11277007,302,15-2,Simmental,male,54.96,69.82,121.87,123.58,119.30,115.89,78.87,,,269,"young bulls, UAV-LiDAR; no chest girth in this modality"
Wang2024/Zenodo-11277007,302,15-1,Simmental,male,55.02,66.14,122.13,122.58,119.41,117.74,67.43,,,269,"young bulls, UAV-LiDAR; no chest girth in this modality"
Wang2024/Zenodo-11277007,303,10-3,Simmental,male,59.01,69.27,119.51,120.47,116.48,116.40,68.57,,,247,"young bulls, UAV-LiDAR; no chest girth in this modality"
Wang2024/Zenodo-11277007,304,15-3,Simmental,male,56.14,65.03,116.33,118.21,112.51,109.25,76.43,,,239,"young bulls, UAV-LiDAR; no chest girth in this modality"
Wang2024/Zenodo-11277007,306,8-1,Simmental,male,58.24,71.77,121.38,122.97,117.83,118.87,95.69,,,229,"young bulls, UAV-LiDAR; no chest girth in this modality"
Wang2024/Zenodo-11277007,306,8-2,Simmental,male,54.45,57.72,115.69,120.59,112.63,111.60,80.96,,,229,"young bulls, UAV-LiDAR; no chest girth in this modality"
Wang2024/Zenodo-11277007,307,10-1,Simmental,male,56.50,72.22,114.51,115.99,111.49,109.93,86.74,,,221,"young bulls, UAV-LiDAR; no chest girth in this modality"
Wang2024/Zenodo-11277007,307,15-2,Simmental,male,52.63,64.64,115.27,118.84,109.44,109.01,77.41,,,221,"young bulls, UAV-LiDAR; no chest girth in this modality"
Wang2024/Zenodo-11277007,307,15-5,Simmental,male,52.22,62.20,113.64,118.58,111.28,106.70,89.58,,,221,"young bulls, UAV-LiDAR; no chest girth in this modality"
Wang2024/Zenodo-11277007,307,15-3,Simmental,male,56.42,65.35,109.74,112.31,106.24,103.96,80.29,,,221,"young bulls, UAV-LiDAR; no chest girth in this modality"
Wang2024/Zenodo-11277007,308,15-5,Simmental,male,58.50,72.10,111.70,116.92,109.78,106.76,87.78,,,219,"young bulls, UAV-LiDAR; no chest girth in this modality"
Wang2024/Zenodo-11277007,308,15-1,Simmental,male,55.36,61.13,110.25,111.18,109.21,108.93,76.99,,,219,"young bulls, UAV-LiDAR; no chest girth in this modality"
Wang2024/Zenodo-11277007,308,15-2,Simmental,male,51.56,65.00,111.10,113.39,111.37,109.82,85.00,,,219,"young bulls, UAV-LiDAR; no chest girth in this modality"
Wang2024/Zenodo-11277007,311,15-3,Simmental,male,51.39,57.88,115.34,118.68,109.61,107.69,61.80,,,206,"young bulls, UAV-LiDAR; no chest girth in this modality"
Wang2024/Zenodo-11277007,311,10-1,Simmental,male,53.06,59.10,116.39,118.09,110.87,111.32,73.90,,,206,"young bulls, UAV-LiDAR; no chest girth in this modality"
Wang2024/Zenodo-11277007,312,15-2,Simmental,male,53.50,86.86,110.14,112.83,106.82,104.31,90.69,,,209,"young bulls, UAV-LiDAR; no chest girth in this modality"
Wang2024/Zenodo-11277007,312,15-3,Simmental,male,53.75,65.83,112.34,112.34,102.84,100.34,57.40,,,209,"young bulls, UAV-LiDAR; no chest girth in this modality"
Wang2024/Zenodo-11277007,314,10-1,Simmental,male,56.08,60.72,117.61,120.40,111.78,110.56,81.77,,,214,"young bulls, UAV-LiDAR; no chest girth in this modality"
Wang2024/Zenodo-11277007,314,10-2,Simmental,male,53.74,69.04,116.62,120.38,110.47,108.53,87.71,,,214,"young bulls, UAV-LiDAR; no chest girth in this modality"
Wang2024/Zenodo-11277007,314,10-3,Simmental,male,55.18,60.26,113.57,117.51,110.66,107.80,90.25,,,214,"young bulls, UAV-LiDAR; no chest girth in this modality"
Wang2024/Zenodo-11277007,315,15-3,Simmental,male,60.95,71.31,107.52,112.31,101.02,98.85,87.75,,,215,"young bulls, UAV-LiDAR; no chest girth in this modality"
Wang2024/Zenodo-11277007,316,8-5,Simmental,male,58.51,63.99,113.24,115.63,106.13,106.16,71.63,,,195,"young bulls, UAV-LiDAR; no chest girth in this modality"
Wang2024/Zenodo-11277007,318,10-1,Simmental,male,58.07,66.16,113.71,115.47,107.33,106.65,71.71,,,213,"young bulls, UAV-LiDAR; no chest girth in this modality"
Wang2024/Zenodo-11277007,318,15-5,Simmental,male,55.19,62.28,112.66,113.34,108.84,105.92,89.45,,,213,"young bulls, UAV-LiDAR; no chest girth in this modality"
Wang2024/Zenodo-11277007,319,15-3,Simmental,male,62.22,71.91,114.63,117.04,110.06,107.56,95.38,,,264,"young bulls, UAV-LiDAR; no chest girth in this modality"
Wang2024/Zenodo-11277007,319,15-2,Simmental,male,59.22,66.01,114.75,116.66,111.06,110.76,73.20,,,264,"young bulls, UAV-LiDAR; no chest girth in this modality"
Wang2024/Zenodo-11277007,319,15-5,Simmental,male,54.08,66.22,115.72,117.79,112.47,108.56,64.27,,,264,"young bulls, UAV-LiDAR; no chest girth in this modality"
Wang2024/Zenodo-11277007,320,15-2,Simmental,male,57.74,64.69,116.02,121.50,111.23,108.01,96.50,,,251,"young bulls, UAV-LiDAR; no chest girth in this modality"
Wang2024/Zenodo-11277007,323,15-2,Simmental,male,54.18,61.52,115.79,115.86,114.08,112.47,58.27,,,228,"young bulls, UAV-LiDAR; no chest girth in this modality"
Wang2024/Zenodo-11277007,323,15-3,Simmental,male,54.24,66.06,115.25,117.44,111.74,109.63,65.55,,,228,"young bulls, UAV-LiDAR; no chest girth in this modality"
Wang2024/Zenodo-11277007,323,15-1,Simmental,male,49.96,59.74,108.70,112.66,120.10,108.70,104.22,,,228,"young bulls, UAV-LiDAR; no chest girth in this modality"
Wang2024/Zenodo-11277007,324,15-1,Simmental,male,51.96,57.68,116.19,116.60,108.83,107.34,76.54,,,202,"young bulls, UAV-LiDAR; no chest girth in this modality"
Wang2024/Zenodo-11277007,325,15-1,Simmental,male,48.83,59.20,114.43,117.94,110.98,108.48,92.73,,,193,"young bulls, UAV-LiDAR; no chest girth in this modality"
Wang2024/Zenodo-11277007,325,15-5,Simmental,male,49.08,59.99,115.75,119.41,110.74,106.59,94.94,,,193,"young bulls, UAV-LiDAR; no chest girth in this modality"
Wang2024/Zenodo-11277007,325,8-5,Simmental,male,52.07,65.46,114.30,116.31,116.79,114.12,68.42,,,193,"young bulls, UAV-LiDAR; no chest girth in this modality"
Wang2024/Zenodo-11277007,325,15-2,Simmental,male,50.36,62.77,114.96,119.74,109.63,107.86,82.27,,,193,"young bulls, UAV-LiDAR; no chest girth in this modality"
